image_id,antelope,bat,beaver,bobcat,buffalo,chihuahua,chimpanzee,collie,dalmatian,german+shepherd,grizzly+bear,hippopotamus,horse,killer+whale,mole,moose,mouse,otter,ox,persian+cat,raccoon,rat,rhinoceros,seal,siamese+cat,spider+monkey,squirrel,walrus,weasel,wolf
Img-1.jpg,0.4610519704,0.1605427286,0.596985259,0.1129759854,0.514793228,0.795334353,0.3294616539,0.9561404143,0.150305386,0.038754664,0.6358330047,0.0629506874,0.8356419187,0.7195506021,0.9385750798,0.3797881621,0.6831125367,0.4742559325,0.3148071281,0.9990694639,0.0974363233,0.9607402586,0.5863135428,0.3580864258,0.6323561078,0.1299107097,0.9709165722,0.0756129483,0.8914572659,0.3530576538
Img-2.jpg,0.3910377581,0.0150323892,0.8080502014,0.2295415988,0.6321735629,0.557231321,0.9935249007,0.3920239214,0.3444987128,0.9100899261,0.2309485386,0.1483882638,0.9976927703,0.489364788,0.4882393504,0.2541606949,0.9787063922,0.738713202,0.7603224668,0.3161610739,0.9805986058,0.2522978593,0.8823837154,0.6660604198,0.4047738733,0.2440352809,0.3190769179,0.399242463,0.2820486923,0.5102061504
Img-3.jpg,0.6860042056,0.8629291284,0.661917639,0.7258639619,0.6102264705,0.4632399967,0.482999062,0.3771996643,0.7083580517,0.735970762,0.0301655666,0.0928270115,0.6237467556,0.0534438922,0.9282747497,0.6466708966,0.8643413232,0.2203979758,0.7186692647,0.1352993785,0.7631463314,0.1010212545,0.7255965215,0.252974554,0.8043692705,0.5992511472,0.3003470722,0.5137841631,0.337301359,0.0454772893
Img-4.jpg,0.7024107641,0.5573272799,0.1437105638,0.6933516297,0.008304503,0.8078224541,0.9207380836,0.4467710053,0.891310714,0.1494868258,0.7923911592,0.3923656936,0.7267101643,0.1063910299,0.5559332172,0.0170575787,0.6548158987,0.8105121115,0.7928763548,0.2848676326,0.4066229994,0.6059281876,0.0851370122,0.7065678576,0.3250012232,0.5915611791,0.2461562009,0.8790072472,0.1301285872,0.1138959218
Img-5.jpg,0.0977722621,0.3765658067,0.1273577052,0.713472703,0.5160095164,0.5485228561,0.755887505,0.4283968487,0.3780501871,0.3406116132,0.9648770399,0.2485620143,0.817290334,0.6748021856,0.9436735769,0.1595759505,0.6446389575,0.9593774559,0.3257946426,0.3180257471,0.152308842,0.4451948695,0.4668257176,0.081746132,0.1808781509,0.526940434,0.838946136,0.0453664668,0.0013678583,0.6539592987
Img-6.jpg,0.0093213208,0.2498140656,0.4264469223,0.0866636592,0.9792211306,0.9217836002,0.7359758644,0.384728776,0.3976800924,0.7938314232,0.9977626416,0.3321268025,0.1769726274,0.6792436549,0.9015035667,0.3662748794,0.7425666349,0.2436131824,0.4374531269,0.2373836061,0.4598049564,0.201891298,0.5946568448,0.7882104915,0.1509060096,0.4825892171,0.9632773156,0.1976128227,0.7703310677,0.4808042354
Img-7.jpg,0.6843502806,0.1624771477,0.1016907394,0.9494465304,0.4989053074,0.8509338679,0.701685456,0.7773063774,0.9209165163,0.4710497997,0.8661510364,0.6250587113,0.2812461043,0.426604084,0.1356714016,0.96131834,0.5786798476,0.8594877569,0.0265722451,0.9408553139,0.1175385116,0.7899099407,0.2019208712,0.964982203,0.6422791064,0.3982746773,0.4157533635,0.805577664,0.5087666302,0.9991217863
Img-8.jpg,0.1350177933,0.3261339888,0.6185194271,0.1425912471,0.1533860927,0.9727972308,0.3101495486,0.953018124,0.7511982824,0.0834309657,0.5697867513,0.134882785,0.7297017095,0.2445839842,0.3742794197,0.6903757897,0.503406006,0.765948291,0.5463137192,0.1488827335,0.0040822444,0.6651430126,0.9850245464,0.4485224581,0.6381662842,0.7907577729,0.793218876,0.8018051853,0.5007218812,0.18370798
Img-9.jpg,0.8129217342,0.3015919535,0.4709396419,0.4648914246,0.6234582504,0.3053492417,0.0771081399,0.9643222431,0.364157153,0.4934887282,0.9530022926,0.5996486854,0.0571904752,0.9443100344,0.4547897822,0.1661814014,0.390907043,0.668022439,0.4594934678,0.2182882828,0.7590417487,0.3588706237,0.4158317791,0.5826892061,0.6677679347,0.9855986742,0.7382337575,0.1517914816,0.1905951337,0.3524300262
Img-10.jpg,0.7925028185,0.2173389054,0.5083623144,0.6582943944,0.0829427885,0.6839436744,0.7086258448,0.8677247752,0.0123591204,0.0499401673,0.7840129725,0.3466845627,0.8938868636,0.5133055317,0.1667032617,0.0450843156,0.8732217398,0.4041782334,0.0709905588,0.326924838,0.7733127232,0.3029180175,0.4968860653,0.4930697399,0.6821842808,0.6302818332,0.8761848204,0.3678919812,0.6818649276,0.4259791184
Img-11.jpg,0.7148476673,0.3427873877,0.7404522286,0.358160226,0.0038726038,0.5866911614,0.5445750672,0.7580939599,0.0282764831,0.1286680252,0.759264738,0.9449608028,0.2137557025,0.2575533588,0.2230829635,0.9577585872,0.312780887,0.2274351114,0.2462198292,0.0589965304,0.8148381667,0.3540000372,0.9838395835,0.8143957699,0.8553932153,0.7883421498,0.9341398165,0.0932174206,0.8151031282,0.4476423837
Img-12.jpg,0.5611153276,0.9673489213,0.7040491586,0.9540401031,0.4285057059,0.5100882696,0.0194815201,0.726495623,0.1818899231,0.4038696569,0.9537184396,0.1937862637,0.8546060256,0.2009379531,0.691285643,0.7748524735,0.5281816964,0.2760917695,0.5963131172,0.1784797762,0.8030849455,0.0811840135,0.2787925104,0.6208936849,0.1185784923,0.9536441545,0.1272359469,0.5557439062,0.4029463251,0.469842186
Img-13.jpg,0.1712370608,0.76779005,0.8068555561,0.9921359453,0.8010579607,0.8551509381,0.3261825862,0.495891326,0.1550626895,0.8953624261,0.6674702801,0.2274023826,0.8473723049,0.7633547708,0.5470078096,0.8890631557,0.6270659199,0.6283546196,0.89404832,0.8887465077,0.0261364154,0.4044958396,0.786800229,0.3625253393,0.6307122313,0.5751950317,0.2688356508,0.7717884757,0.1482650886,0.8387581755
Img-14.jpg,0.9060596869,0.0988270754,0.3415174387,0.0318893044,0.0829324322,0.9752624771,0.3952625662,0.4906985168,0.725058546,0.0937903575,0.9203093493,0.4513975633,0.2405338199,0.8735507481,0.8360568837,0.421287824,0.3475209077,0.2525453836,0.7094177543,0.6379120859,0.5144919426,0.567669777,0.7259740917,0.465381104,0.8624362334,0.9215390024,0.1516933395,0.9921922525,0.3699427731,0.5832566676
Img-15.jpg,0.7286653839,0.4457188486,0.8259254192,0.6221746917,0.5911612301,0.9994664741,0.4813432927,0.5525964471,0.6602980024,0.9988175236,0.5070067738,0.6328949162,0.9004597558,0.5587246664,0.0809405146,0.6832020692,0.6318899598,0.8740457161,0.3741155787,0.8124139059,0.366229661,0.8619666322,0.42665453,0.0222769047,0.5478856817,0.5630277701,0.8417879348,0.1186398568,0.2021026643,0.5095732765
Img-16.jpg,0.3789460329,0.5935467378,0.9094807814,0.6267563713,0.4509796776,0.4544434019,0.9648538004,0.7805368441,0.3506781854,0.872070413,0.0437279335,0.3729733507,0.5817836438,0.1960444757,0.4079721312,0.397912386,0.413779538,0.8297608167,0.5803107247,0.6105724189,0.4368451231,0.0846079757,0.2791424137,0.0275923872,0.3549294469,0.112181924,0.1496912204,0.8371256635,0.3307804234,0.5566955609
Img-17.jpg,0.2051793736,0.6960275713,0.5141118554,0.7150285003,0.9871555105,0.7938896101,0.566938724,0.2604068208,0.4808802969,0.6324112,0.0012302338,0.6979770758,0.5695829224,0.1265907123,0.6382997084,0.8566149091,0.3346962735,0.5563370804,0.0734887774,0.312111518,0.7072255756,0.1222876158,0.7078471651,0.0655295872,0.1987876502,0.1416217967,0.8417563364,0.7724727543,0.1054575364,0.7027512013
Img-18.jpg,0.8311008412,0.8681349279,0.941268706,0.8965291896,0.9699476558,0.4079975776,0.713285588,0.9464682095,0.9034819952,0.1503169522,0.7225115987,0.462028519,0.8822779467,0.3817092015,0.8568871136,0.1640129285,0.7586279741,0.8104398621,0.4068126951,0.6590781799,0.7440987963,0.0590963387,0.0876915245,0.5180995224,0.6193301498,0.2357252887,0.3704442912,0.3352928323,0.3953746073,0.5618934434
Img-19.jpg,0.7168910754,0.7210824169,0.429620963,0.4194362227,0.4873073023,0.1050756133,0.8595799515,0.6415808539,0.3178031845,0.2485062918,0.3664363948,0.6340606586,0.3207806394,0.8553147679,0.5901306749,0.3582432976,0.0617631114,0.7458863188,0.7302722838,0.5034300214,0.2147479935,0.9548736475,0.6234067602,0.2998809817,0.9598447041,0.0049836834,0.8403751971,0.8389756773,0.7469519389,0.4726689229
Img-20.jpg,0.0989760648,0.7096287395,0.8596392956,0.7080537329,0.8059289019,0.0139568225,0.5769935772,0.3477229908,0.9208515327,0.9598703328,0.4331745194,0.6597456502,0.6370529438,0.5064654387,0.7805314991,0.5706846103,0.5980571277,0.4308872235,0.6241036765,0.9663191898,0.4096796073,0.6002983906,0.3990674757,0.4003074837,0.3068849804,0.4289451863,0.7324982972,0.2094223738,0.981922819,0.8891570815
Img-21.jpg,0.8039072469,0.5015871556,0.0078272525,0.6674412806,0.5596346214,0.3138504704,0.4710313595,0.8753938449,0.1524927797,0.492810736,0.3457150626,0.3572113802,0.5734170252,0.2724868749,0.2468345214,0.6557793731,0.7592762209,0.5193959369,0.6880964786,0.8367563819,0.6430692788,0.9930925624,0.6615975539,0.0808691049,0.6841486257,0.0540287036,0.5451187741,0.5400224652,0.874491622,0.5871285729
Img-22.jpg,0.8912610459,0.568329087,0.6949352171,0.5371532941,0.7594195993,0.5656935473,0.8367155759,0.6264793733,0.2682395787,0.8943479455,0.4388484549,0.5678145201,0.7070408823,0.7956177755,0.146647117,0.1509571721,0.6420046814,0.1251209186,0.0998612664,0.3837057464,0.8309565353,0.224533762,0.1906029879,0.3444117247,0.6496347485,0.4318387136,0.7994347886,0.8361854003,0.1387476793,0.153241232
Img-23.jpg,0.741504084,0.5633185859,0.8281626733,0.0943241178,0.5831422002,0.4591863998,0.1197927516,0.1111205248,0.7181200045,0.5872903684,0.4216687816,0.4927867704,0.7531035497,0.488757578,0.7086256918,0.3995547432,0.2411494432,0.1278806775,0.9876898795,0.8031456671,0.720041614,0.1445301374,0.4282842006,0.5605941859,0.4637806536,0.6983064619,0.1692905907,0.2554001419,0.6636232233,0.3783358879
Img-24.jpg,0.7242325292,0.0854130336,0.0974762327,0.4471860958,0.4066539755,0.7106111693,0.8637830274,0.5877105355,0.0318340042,0.2621634218,0.7312418499,0.8144398532,0.6847220935,0.1730287177,0.8292986549,0.9579829244,0.7458370676,0.7760635492,0.0659754554,0.3086256851,0.9644216964,0.7249393512,0.7951862878,0.984129032,0.6572177871,0.5833665795,0.6098846212,0.6607418533,0.3615809246,0.5762740651
Img-25.jpg,0.4118323858,0.4976159741,0.8967198246,0.4615247805,0.7942126449,0.0835316173,0.0897271077,0.5884399835,0.780683769,0.302082979,0.5360232241,0.3750848346,0.3276870541,0.950872289,0.0525571753,0.4900735289,0.624678292,0.3393999816,0.7560064222,0.2702333569,0.5731441987,0.0429651811,0.6225457949,0.0058123872,0.9432379293,0.9166407355,0.8730172717,0.5195557789,0.6504147296,0.5766353266
Img-26.jpg,0.3730006555,0.2177000839,0.0841833241,0.5846127162,0.1696620253,0.705931351,0.1823698032,0.9604282923,0.1850031274,0.1460873774,0.741876108,0.8758762707,0.3001660446,0.7703193947,0.965822549,0.1155242587,0.1945158733,0.5848272577,0.6505493847,0.0398818009,0.9050463843,0.5617088076,0.072880692,0.6676501677,0.9375613487,0.2943443541,0.7700470896,0.5065748875,0.3891706923,0.6702755427
Img-27.jpg,0.201522772,0.9429175086,0.8853005985,0.9585886926,0.9575608877,0.5596022727,0.8071395662,0.3926058557,0.510662928,0.4063315644,0.7597873615,0.2515779093,0.4022300411,0.1787342407,0.1274208612,0.5026043276,0.6942585093,0.3722964604,0.3822170063,0.2886066716,0.2204111081,0.3823990395,0.1711849563,0.1572082427,0.1461222556,0.1490827578,0.4116113555,0.4808929947,0.3730714244,0.2356638463
Img-28.jpg,0.0614117415,0.9706173578,0.1814215418,0.9896401355,0.6373627703,0.0558662458,0.3481970928,0.2702147641,0.4975390174,0.9968743819,0.0124786369,0.5786704443,0.1609984471,0.8187188041,0.5214299854,0.6748138956,0.0453986243,0.0384634182,0.6975303245,0.3303803512,0.7214376989,0.9103488011,0.4537252114,0.1965395241,0.487457337,0.9458114214,0.7608237594,0.4743924348,0.4318499127,0.024120307
Img-29.jpg,0.7006134915,0.8051090047,0.8651087185,0.8998338241,0.8440074767,0.9417069774,0.9473096131,0.4124097739,0.0131753884,0.0974242561,0.5677016958,0.938775578,0.9733229433,0.5346844058,0.7872239369,0.1098659795,0.3439896744,0.4904309677,0.8571678757,0.0889046732,0.3348933519,0.4066075307,0.4019727916,0.9665912476,0.203819367,0.6410910076,0.2619210215,0.9176079767,0.8727732237,0.2129219361
Img-30.jpg,0.2169232834,0.4216339349,0.0124739499,0.060481116,0.8577344459,0.7493769157,0.8985249388,0.1928926016,0.932667765,0.3468866156,0.4054601016,0.5654242798,0.9204019972,0.6197796859,0.6474507774,0.071640252,0.1425673577,0.5302631204,0.5351430871,0.5842439916,0.9701384708,0.1598290093,0.9400552433,0.040603435,0.8178241661,0.3792208242,0.8259140262,0.4856352201,0.3224028584,0.6991008182
Img-31.jpg,0.4334976136,0.9300515548,0.1687792607,0.0664655991,0.1613133378,0.673561236,0.7705803628,0.8997453202,0.6201545508,0.0558791905,0.9735655776,0.8600565153,0.6818956814,0.4090086145,0.276525563,0.0850677014,0.2150872459,0.7303495332,0.7150503846,0.2446332734,0.8386341324,0.1676147642,0.4656613795,0.4188043846,0.2876538563,0.6844629239,0.2663949895,0.2971901593,0.2093662004,0.2960476237
Img-32.jpg,0.5916896242,0.9710922013,0.7836383181,0.6201929954,0.3087588969,0.733547244,0.7807036517,0.1258321731,0.4136453912,0.4394555068,0.7395203824,0.8107452264,0.959404036,0.9763060872,0.8711167841,0.2960847698,0.5554714271,0.1075863431,0.0638876639,0.7412496936,0.2229295653,0.4154169652,0.4196204884,0.0765503854,0.3772610718,0.2317425543,0.880150045,0.9680999272,0.6844786921,0.3083788003
Img-33.jpg,0.9378800202,0.7679119022,0.5561830685,0.8645226497,0.3840917886,0.6276434051,0.310137799,0.0545829044,0.0925095389,0.4440785687,0.4902853862,0.5586949622,0.5393576765,0.2588020977,0.8316241496,0.456781096,0.4274601714,0.2746113438,0.9753815316,0.1985471154,0.0056000625,0.3428533246,0.2060797284,0.2618908878,0.547001547,0.2855963502,0.8314999422,0.7581802199,0.9742314168,0.8420137661
Img-34.jpg,0.0817777133,0.0678187304,0.8673405065,0.5266145629,0.9890823276,0.0541017022,0.2239753085,0.8550601987,0.0679929677,0.5581166283,0.2401178034,0.9697344723,0.3979239355,0.8544913524,0.5459626489,0.2608235392,0.4242609274,0.6224100779,0.7555601645,0.0065641625,0.1834231241,0.2122332778,0.8086279081,0.8160835389,0.0802259411,0.0607148983,0.399371858,0.5217078936,0.8120835334,0.3296959083
Img-35.jpg,0.6465550808,0.3718719314,0.9764225661,0.720178782,0.2032845007,0.8699721735,0.9186405108,0.3244773914,0.0460905338,0.6638412377,0.4906107679,0.5246986939,0.0124781677,0.1116590564,0.6023636452,0.1900763582,0.783798382,0.1743138614,0.2950195134,0.2233803931,0.6528134248,0.1599613526,0.8721653564,0.9679105289,0.199995116,0.3135919761,0.7175035826,0.1740151806,0.1183361538,0.1356572773
Img-36.jpg,0.496330701,0.3159988243,0.1383592123,0.429655924,0.0158723629,0.6655222575,0.8822938576,0.0590124989,0.0684572337,0.0412358283,0.5282265787,0.5741270791,0.7541342395,0.2367319773,0.1314341448,0.0360557985,0.192914474,0.1618082907,0.1998877313,0.2500648376,0.1236753208,0.5678306579,0.0037468858,0.579880586,0.9015764513,0.4367688806,0.2044220283,0.897204134,0.1334100617,0.7692529406
Img-37.jpg,0.3081206075,0.7485542967,0.7212581383,0.7846928624,0.7257212404,0.7514177536,0.8092306573,0.4910265005,0.3144467929,0.8249560589,0.0213992968,0.4340671247,0.9297569614,0.5524391271,0.7291448028,0.374532395,0.3883022733,0.5011805912,0.7663292984,0.3980396771,0.7460578729,0.8636273234,0.2600011125,0.0336935617,0.4287468316,0.4692698526,0.6820855693,0.4209501101,0.0080842571,0.3356321182
Img-38.jpg,0.2222075544,0.1955112503,0.4911943407,0.1498744513,0.0265933605,0.1926117574,0.9468727661,0.502896174,0.1705744734,0.5505999045,0.7001310362,0.9225868094,0.3905430166,0.5193390332,0.7182647788,0.6467794765,0.6482342007,0.8226348093,0.6831225453,0.0801511616,0.7780134873,0.2472732525,0.1601300471,0.9880601597,0.1268502774,0.9236163667,0.6028529694,0.2290638204,0.9650432014,0.3620106735
Img-39.jpg,0.9888428906,0.7137331055,0.1779169484,0.2222682596,0.1336200683,0.7187686445,0.3650990175,0.3259874717,0.1877353437,0.152142041,0.9113812158,0.1535388906,0.249711036,0.7362947507,0.2653632315,0.4370529699,0.7974539386,0.3778428823,0.8206314957,0.6201057625,0.5455829902,0.8349872819,0.9722863467,0.7618934299,0.2357507984,0.2047778612,0.6888512512,0.052456042,0.4032907034,0.2709187061
Img-40.jpg,0.0060649598,0.7212752464,0.576694856,0.5350202838,0.4129278601,0.6231116301,0.6323201447,0.2037332358,0.5999340732,0.0910951896,0.1161542288,0.7489282254,0.6591064819,0.6688598423,0.9438719144,0.0671030646,0.6697287994,0.716865165,0.1094713149,0.2004636221,0.0900295624,0.7180098314,0.7649849252,0.0601767779,0.6587072416,0.3223365148,0.4834120722,0.2871300012,0.3019810544,0.4736152049
Img-41.jpg,0.1997987523,0.2921952737,0.4466603505,0.0955186424,0.9922905594,0.7802008547,0.9486569149,0.6274501415,0.4577329554,0.6780663322,0.0957511713,0.1645961366,0.5883764661,0.4233381167,0.4064012956,0.1605621574,0.0287848425,0.9193352446,0.5263707758,0.9065475896,0.2623237254,0.8121601547,0.1439473618,0.3292293213,0.8211510008,0.3055548778,0.5020545139,0.2765126107,0.6120251219,0.921701368
Img-42.jpg,0.9486930208,0.5670747221,0.3191051944,0.1234043594,0.3085157433,0.7280231707,0.0084999356,0.6878090193,0.8810741659,0.6390193248,0.4866598494,0.2152747359,0.4046158973,0.7924430612,0.8535194078,0.0064409416,0.7376925266,0.8664278327,0.0531125332,0.599546997,0.1142040682,0.8669503967,0.0104537017,0.611693108,0.7496350301,0.5065672024,0.9851506136,0.497904217,0.1847725393,0.7507862522
Img-43.jpg,0.0406774411,0.4963675954,0.1021075865,0.8049365642,0.0619432957,0.3754884772,0.4225809972,0.744986637,0.471713952,0.4899955647,0.8658730876,0.6602622609,0.1962311604,0.2521112874,0.509458782,0.8539845461,0.343737993,0.3602035728,0.7626157839,0.1043088911,0.9654278889,0.4734466329,0.2781283425,0.8592698614,0.2493443684,0.9167757158,0.7761478844,0.7214338085,0.382394707,0.1765810546
Img-44.jpg,0.0641173631,0.1444755688,0.252610615,0.1011713483,0.0797963594,0.7992927956,0.4031701319,0.5694817739,0.7735300941,0.3902229587,0.2800261026,0.3221564662,0.6934321992,0.5970164362,0.2238680786,0.306314526,0.3433748338,0.2736188289,0.7794814411,0.6795570414,0.1898190719,0.5631464679,0.6243518271,0.6678034825,0.2038554056,0.9574610094,0.5005709264,0.273029129,0.4142142122,0.2782977886
Img-45.jpg,0.7819327519,0.0209621714,0.3944628203,0.5769897839,0.8108450524,0.8148358369,0.3896071833,0.460162596,0.2024054302,0.7959152119,0.8039225561,0.3589006683,0.9447173686,0.1346675924,0.4763646301,0.3182113485,0.1173646246,0.8485476449,0.9129881949,0.9201779117,0.7671909266,0.9619725936,0.738668398,0.8890173111,0.827296667,0.3224382018,0.2551798033,0.4012920281,0.0746575461,0.67139122
Img-46.jpg,0.1444896135,0.9605039195,0.6523106924,0.396803017,0.7092263498,0.5451257205,0.2045822644,0.0855579094,0.7038212302,0.0517562694,0.1890647592,0.8948567517,0.2234677384,0.2094773273,0.8711089012,0.3277813563,0.6312394448,0.3105268427,0.0298460774,0.9052546666,0.5164610073,0.9271949148,0.2138307255,0.6083052705,0.7322049322,0.4610467286,0.2267584905,0.3220948719,0.0610389435,0.6901491728
Img-47.jpg,0.7827413144,0.0460513324,0.2449916096,0.7766040879,0.4382292993,0.3275976274,0.8735270695,0.3965626155,0.7961816692,0.4157792539,0.2032094767,0.7287497232,0.9548082145,0.5443888902,0.1965835782,0.190842134,0.1877090389,0.7969378806,0.3550242478,0.1500295196,0.3277300918,0.4608739646,0.7977827221,0.1954441988,0.7146032456,0.5862659305,0.1845110352,0.220277951,0.577164653,0.0457188067
Img-48.jpg,0.967046371,0.2474726981,0.4574656087,0.5781449548,0.5940839528,0.4511786352,0.8359720088,0.8008451535,0.3489677649,0.5207207317,0.8886677164,0.0559730925,0.8459789002,0.7559432317,0.2008471475,0.5315052232,0.8212750905,0.5591071457,0.1126230926,0.933454672,0.1308337082,0.9531124123,0.5941578869,0.2902361533,0.8740470913,0.6139821057,0.9652793859,0.3100377638,0.3885945709,0.2738141814
Img-49.jpg,0.0500840311,0.2159463684,0.3545849635,0.9346993076,0.3748439229,0.4631394666,0.8532979058,0.9095843115,0.2632199685,0.7068791458,0.7981542744,0.802172879,0.3814848627,0.7202782965,0.1574318694,0.2845044437,0.8566021297,0.7919094799,0.4041979604,0.886045016,0.2427150792,0.8613466104,0.4385101544,0.5667096085,0.3314176594,0.8718904448,0.3670357872,0.2308211606,0.3025109496,0.0609514853
Img-50.jpg,0.5648685822,0.9057142194,0.4353351996,0.9803854918,0.9493034306,0.6777586834,0.1313595549,0.8103238803,0.1195920541,0.0816453264,0.4240416477,0.5058380194,0.0501330327,0.8818573507,0.2744015505,0.7365877589,0.6189253674,0.8568650055,0.9377842271,0.254390067,0.0697135348,0.6469977193,0.4318021918,0.3951353218,0.3061566266,0.1956087378,0.0461792789,0.3202354152,0.1185351989,0.9410278044
Img-51.jpg,0.2994808972,0.9446507832,0.2648728325,0.2023260723,0.2057034837,0.7830709544,0.9920686236,0.1059643252,0.8840208963,0.7435008254,0.2255117053,0.8253085503,0.2062333818,0.6906662294,0.6005113807,0.8300473315,0.3384404808,0.1581699007,0.30406884,0.434403965,0.1205431444,0.5502140703,0.8467174709,0.9832977861,0.1391270534,0.3874930241,0.83111175,0.5972110024,0.0462256597,0.0980539829
Img-52.jpg,0.6178694435,0.71428094,0.4107274192,0.0307435053,0.5903814038,0.5983885749,0.8405921683,0.6908281676,0.6010341668,0.6676401556,0.8328420285,0.7379584211,0.152973899,0.0772198008,0.8778755248,0.7502157173,0.8962300091,0.2006523974,0.3685862911,0.0944030038,0.7026084063,0.2592047799,0.0652788507,0.4628441607,0.9814877646,0.2886529747,0.0038012565,0.0004129987,0.7372881975,0.8682468696
Img-53.jpg,0.8685012031,0.1884723022,0.5000561423,0.6260717634,0.5856745587,0.0853327532,0.8207682183,0.8534730785,0.2077016254,0.2560302416,0.9897850322,0.4765606526,0.5227520405,0.5477776506,0.9344828651,0.8136693641,0.2688409067,0.7933645267,0.915645652,0.5624527716,0.6560038122,0.0978588979,0.9062601228,0.9038506149,0.4376593726,0.1567116677,0.4424839065,0.5735754637,0.5419543671,0.2995938868
Img-54.jpg,0.0771905122,0.5405712072,0.2482829037,0.9765531553,0.6223590901,0.4531618409,0.1813244752,0.6306663546,0.902676591,0.1731037638,0.283666829,0.9393003056,0.8769332098,0.5135449083,0.6508289774,0.4998446718,0.9162684925,0.4201520737,0.3401868084,0.500499163,0.408152059,0.5610875812,0.8658121758,0.9634730761,0.0651559134,0.5579380857,0.588874287,0.2275436265,0.4991150386,0.7103515918
Img-55.jpg,0.9158457012,0.637593596,0.6598787843,0.257705366,0.1131902238,0.8103277732,0.3630632973,0.703817404,0.6366790322,0.6311220489,0.6345004127,0.5401115306,0.1550467767,0.015548409,0.9541763612,0.7177895281,0.8288060224,0.102204372,0.1543096936,0.1944752567,0.1209985713,0.9276897294,0.8981801766,0.9147446657,0.7832572085,0.7132947723,0.3647709597,0.4872374041,0.9748594105,0.3058810338
Img-56.jpg,0.3586498185,0.5123015792,0.2523387937,0.5705520579,0.8609057181,0.9187709755,0.368968583,0.9383363526,0.2449293945,0.5496863488,0.241658548,0.0551788749,0.2589700546,0.8218566556,0.3934008367,0.8009264932,0.4537638329,0.670967514,0.3775082451,0.1984798286,0.500984048,0.7229489627,0.4330637659,0.3513052619,0.4517628634,0.256676549,0.7962264366,0.8806040525,0.0116418743,0.8129849605
Img-57.jpg,0.4351967195,0.9795541115,0.9128749752,0.0004285733,0.4611053625,0.1956312305,0.0876422293,0.3607706647,0.0693013217,0.0310678424,0.8814221998,0.1549862055,0.8005556918,0.4411064702,0.3267832698,0.2745533646,0.7135841949,0.8056006451,0.0304566775,0.6866434371,0.87979293,0.0125713434,0.301384929,0.1047432381,0.7756494623,0.1532750776,0.3213120122,0.1801496751,0.0346834129,0.1925185871
Img-58.jpg,0.6714367778,0.570189985,0.2307987531,0.9507585188,0.3852186966,0.1979316751,0.0964293075,0.2459403619,0.9833904795,0.3021888612,0.8445074684,0.1714363121,0.166802153,0.17679619,0.3820854917,0.6035073314,0.1490911403,0.7485076671,0.1780678834,0.7902498157,0.2955804257,0.3685500248,0.200199501,0.7514004752,0.004996015,0.0760030917,0.1086423621,0.4950534637,0.5252670059,0.0024132081
Img-59.jpg,0.0630916719,0.6719087171,0.6252963464,0.4713131706,0.9627967915,0.1230673104,0.5670083238,0.4047228908,0.9554611567,0.3770557207,0.2825594671,0.1765990486,0.1357081928,0.1771768601,0.4380062476,0.9806483827,0.0431816901,0.5609503237,0.8872504856,0.0136001326,0.4344592587,0.4651578357,0.1942511713,0.64712085,0.1960254435,0.0474542858,0.3739988103,0.9329308701,0.1193882719,0.6417382375
Img-60.jpg,0.0565454907,0.9235983322,0.9694029072,0.3017674194,0.3799267909,0.3377327604,0.4891803884,0.110937792,0.4670226855,0.4302092197,0.9999554499,0.6598459489,0.8929077883,0.3605195134,0.9336602972,0.6892968516,0.4387566323,0.4332197945,0.6028721107,0.7828613969,0.2086661775,0.9016154481,0.1587164305,0.2858535818,0.8398392399,0.0929743894,0.7962041716,0.8441605799,0.6770876557,0.5010257343
Img-61.jpg,0.1606480412,0.613572382,0.506534275,0.7152325925,0.2014493098,0.8069009027,0.67154673,0.2116976049,0.2461114192,0.3409016254,0.8792726532,0.3970285665,0.7393010385,0.1398110868,0.3524887365,0.4028610637,0.2209675021,0.9302960109,0.8438823007,0.1771595528,0.0216448072,0.4385564029,0.9593310895,0.6520332374,0.7814638579,0.423814991,0.4910914756,0.0605667113,0.0606155429,0.2856374145
Img-62.jpg,0.2607717584,0.4503320733,0.9292580157,0.8999913784,0.1815712708,0.9723771297,0.3535982001,0.3604432376,0.5797235473,0.467211818,0.8899436917,0.8301145047,0.1933222894,0.5288966838,0.5144627667,0.4533681575,0.1778285867,0.7768770636,0.0062995815,0.0283134627,0.9902560051,0.8006100779,0.4792325238,0.6177399052,0.4532272627,0.8471965739,0.4584557696,0.0913329036,0.3093939813,0.4810095453
Img-63.jpg,0.1746546007,0.7480646221,0.1420831971,0.1749600085,0.3795906334,0.6090742867,0.2328811365,0.1406301405,0.5767612096,0.7863232843,0.9707094897,0.7756488608,0.1069411076,0.2823101946,0.1269995919,0.6266580469,0.6701652689,0.6007197025,0.4690449152,0.2056944078,0.5282607723,0.8321808091,0.6350003612,0.9257618096,0.8718973599,0.4367907304,0.3400690844,0.1781984911,0.15497051,0.766043736
Img-64.jpg,0.2915268646,0.8347016062,0.096534297,0.437280718,0.7653297934,0.3314694725,0.0569161508,0.0806070326,0.2037079337,0.7099858915,0.0740044401,0.1323934202,0.1447860996,0.6836911015,0.342175011,0.6152428573,0.9451380666,0.0989231148,0.4329843724,0.3317744273,0.882997387,0.561151297,0.6877377127,0.655359834,0.1011299663,0.7737465973,0.7285877414,0.3548719106,0.4415855341,0.7897664247
Img-65.jpg,0.6944863546,0.930163337,0.4107749354,0.7696997171,0.2303887873,0.8211264374,0.8309403617,0.8364836423,0.5237155428,0.2446522511,0.2362447402,0.0764317954,0.9133397459,0.393511798,0.0383350288,0.6587982593,0.2645519605,0.9885468617,0.766841738,0.1974321942,0.0102810211,0.2105868302,0.4070443434,0.3008756379,0.6382437552,0.6177034857,0.6108276501,0.7352148046,0.2527742906,0.3337838146
Img-66.jpg,0.215545673,0.1999112055,0.5531078553,0.538567064,0.8016329644,0.3121630491,0.1255690657,0.4329414108,0.7835422694,0.4984625453,0.1313170086,0.5948433863,0.2519734087,0.3532199449,0.9795386137,0.0555078842,0.1528712597,0.2120878176,0.3344578142,0.9491600896,0.6069045858,0.5568257882,0.8441427501,0.5266224831,0.507422881,0.626667,0.8044200172,0.076156137,0.9605024835,0.2115204706
Img-67.jpg,0.1112616892,0.1902521375,0.8702080587,0.6260476246,0.6823153249,0.3595528962,0.3130471755,0.2966773527,0.8793143135,0.3268852572,0.4460139824,0.0438585482,0.2668197538,0.5158609648,0.294637236,0.5706168495,0.7515146893,0.3038633422,0.8957924509,0.3094875048,0.6036754752,0.6625873642,0.0300181808,0.3364505481,0.2276914047,0.4456596215,0.3869685309,0.4553229828,0.7901679493,0.5247401069
Img-68.jpg,0.7150874447,0.8473158682,0.7751033887,0.1576150721,0.3557354961,0.0948215719,0.9210634985,0.9604420859,0.9653637963,1.32807936527035E-05,0.2757984902,0.6016960859,0.4511183819,0.0142093206,0.5070800982,0.8984461504,0.4476682345,0.96799919,0.9238193281,0.1066259349,0.5294595848,0.2344125535,0.4509152137,0.1081814173,0.7244898883,0.3970488698,0.8336926605,0.1149528716,0.7053394286,0.3469033403
Img-69.jpg,0.504098562,0.4557926755,0.205288531,0.2999822333,0.3425411192,0.4608008131,0.7318185832,0.6424488511,0.9758781089,0.0542413074,0.1338453622,0.1568345674,0.2113045382,0.5552651696,0.8228636517,0.6866964539,0.7627614156,0.9494399553,0.7961691293,0.0894670576,0.0011229173,0.5601529683,0.7427983984,0.8683142694,0.9459942055,0.6324349281,0.5239302163,0.7186872316,0.8192402873,0.6419609222
Img-70.jpg,0.0383165199,0.9097903823,0.2990340913,0.2418600437,0.5875075212,0.2701326469,0.5521616879,0.7297668154,0.6615541594,0.6055422048,0.9026035733,0.8102514118,0.0679781416,0.1386859399,0.4997598641,0.4736845282,0.570289369,0.3946456952,0.5366355224,0.9336424252,0.0728255826,0.4213312829,0.9889929869,0.923720463,0.3566803716,0.422453154,0.9842924956,0.1649650433,0.6019365315,0.0400245007
Img-71.jpg,0.9810266034,0.3518509809,0.9493983889,0.7558715021,0.3561341632,0.8394059447,0.0022235735,0.9092534073,0.6081101439,0.9562730816,0.7357536479,0.2350764058,0.3627378892,0.3394186649,0.7102882942,0.3207677704,0.9369324085,0.4185376288,0.574997952,0.0433108117,0.0984934486,0.8691242087,0.7254303662,0.1698212413,0.73879498,0.590396611,0.3642951612,0.0778169865,0.1880806995,0.7006990292
Img-72.jpg,0.8571004846,0.9285493114,0.9000674928,0.6092465262,0.0801897525,0.2748751313,0.8895757047,0.6107140211,0.2679079634,0.4691312206,0.1482417419,0.9122734511,0.5752265958,0.0668204904,0.6343037862,0.5137873651,0.3539669303,0.9985489812,0.9072269278,0.3285522026,0.4609847861,0.4072155759,0.2689663902,0.5639302039,0.1016308721,0.1805627053,0.076914454,0.8534031906,0.3762584147,0.5974538666
Img-73.jpg,0.8877987379,0.0594911342,0.097975975,0.5489198372,0.214781157,0.2107435216,0.220555305,0.7611070585,0.5669508946,0.0901837241,0.7444605058,0.061407965,0.0634590385,0.7069615765,0.2652419927,0.7353652145,0.4435271055,0.718773183,0.7831885068,0.9809324036,0.3464604591,0.3540807431,0.8845421399,0.1314254484,0.3832300387,0.6179582892,0.4338247975,0.4564295362,0.3265649599,0.5900131361
Img-74.jpg,0.0642434018,0.0278365649,0.90353267,0.0175279581,0.6986792725,0.224689903,0.6293816196,0.7030610167,0.3290556089,0.1679109836,0.6855751972,0.7412388056,0.4634201881,0.4518240419,0.8231239646,0.6487855053,0.7811154973,0.0145525617,0.4222618286,0.8587851974,0.8395925396,0.5745403281,0.2606691897,0.4473557678,0.2544388917,0.3913239126,0.1139760565,0.9812536675,0.4850901258,0.5151247691
Img-75.jpg,0.8516805888,0.2633394993,0.594116566,0.612179645,0.0393528876,0.6240097588,0.6234250247,0.4615732225,0.3948293307,0.0746218296,0.9437741369,0.2849030011,0.5547621982,0.428039483,0.5297681646,0.0657919215,0.2057248038,0.457111789,0.8984369152,0.7163122152,0.3348001432,0.425310651,0.8345328678,0.8370358966,0.4895459021,0.2383156535,0.2826421125,0.0130372883,0.557319293,0.6827922493
Img-76.jpg,0.1724045919,0.9734550387,0.9200212159,0.0798203477,0.3893411391,0.0018469745,0.6782320098,0.6444818699,0.3252249156,0.4993792197,0.3834387446,0.0106200931,0.0057823724,0.294851312,0.6834563522,0.71244137,0.0316588608,0.3852930017,0.9665890074,0.4924688243,0.6814760392,0.6586299511,0.0353856942,0.0598259952,0.4229913648,0.376687568,0.5164990171,0.88682253,0.7382522798,0.7542657247
Img-77.jpg,0.6509915498,0.6635945442,0.8905959758,0.1277461032,0.9430833724,0.3451865339,0.2899913418,0.6356697119,0.3137615036,0.4802524341,0.9900241378,0.6831878044,0.1188945393,0.5384260167,0.6994153734,0.0905009914,0.0567919038,0.2178525692,0.2586527322,0.2340812576,0.1624231414,0.0680180935,0.5119537996,0.4641545659,0.8477239838,0.7847635712,0.4851069373,0.402049649,0.5884171083,0.1160572505
Img-78.jpg,0.3552578446,0.0743962925,0.5952766631,0.0168444659,0.0410885005,0.2137685731,0.8498821381,0.2235211954,0.750704732,0.2391600816,0.2081741003,0.1468953308,0.15540822,0.500421222,0.432590639,0.7815430985,0.7759574607,0.9021137844,0.1537811875,0.1520241552,0.6861319502,0.7892633527,0.5189888638,0.5986110058,0.3159004204,0.0128339937,0.3265496583,0.9932782607,0.1135530174,0.330647584
Img-79.jpg,0.6552428932,0.4326151302,0.900355099,0.4430710696,0.9595182544,0.6683387522,0.5446724501,0.1598672623,0.8404560497,0.5959159937,0.8458491343,0.6916240578,0.839963479,0.5165789705,0.4764873656,0.261074851,0.6372445489,0.7590661437,0.5157165858,0.7434992002,0.9509719622,0.0476479883,0.3453555984,0.6425636748,0.2703970308,0.0334936532,0.8187599173,0.5079304822,0.3134259457,0.6141294562
Img-80.jpg,0.9025063412,0.5952438799,0.3294961098,0.6344455321,0.8395048014,0.0869609158,0.7499288566,0.3531460685,0.5896610614,0.5760680063,0.9155424877,0.9345090987,0.5929365561,0.438599473,0.7399193835,0.2406754429,0.7452624242,0.3880740833,0.9784486165,0.9251644753,0.5378488477,0.6995593319,0.244104936,0.4975277989,0.6481680143,0.2394973675,0.7790918934,0.7343867295,0.7130542472,0.5989779773
Img-81.jpg,0.9941671676,0.4889418805,0.2953654689,0.492259661,0.2568443955,0.8148986704,0.5526576622,0.6026732081,0.4512318715,0.8611643742,0.3943079417,0.8338815629,0.5270177786,0.5299048065,0.4949082374,0.7569898297,0.4959376734,0.7123458161,0.6752453415,0.0492749659,0.2447601609,0.5555498961,0.2611704056,0.5945955935,0.6370981158,0.2834089758,0.6051522357,0.690125906,0.7980171018,0.2527649654
Img-82.jpg,0.4408313585,0.1038697822,0.3662636432,0.5477777515,0.294354114,0.3574473575,0.7553021807,0.4000066393,0.7016739088,0.0270219404,0.9313916929,0.3587651816,0.2098592919,0.9152718779,0.7872615724,0.757328431,0.3582707197,0.2959840015,0.4826653341,0.5091935391,0.7274522586,0.3331519361,0.9076952105,0.5856017139,0.7668983444,0.511918232,0.3229066065,0.054070309,0.0698526035,0.2930186399
Img-83.jpg,0.2784907681,0.6454943062,0.880075352,0.9035997368,0.8789590562,0.5447127723,0.2066827157,0.4486708821,0.425568574,0.7969313316,0.0108111051,0.4358493406,0.7609865769,0.2434068243,0.0648654733,0.2431637703,0.5881560621,0.8242519453,0.6413228472,0.2206215215,0.0928217851,0.1742532031,0.1352591726,0.8615956439,0.3568174934,0.0652827537,0.496617304,0.0395908432,0.7586303476,0.3794389225
Img-84.jpg,0.5357404223,0.9231956605,0.5551494848,0.8352608376,0.3409419352,0.5839332955,0.5448345725,0.6667318062,0.2141219682,0.6048774831,0.7278268235,0.5762492858,0.70849552,0.5803376485,0.2216577921,0.6607444396,0.0295267935,0.6279382953,0.2333350673,0.749677692,0.6416905133,0.3387645567,0.4218020974,0.7525406374,0.387508177,0.8012746816,0.8840676392,0.0288461977,0.135502283,0.3968324256
Img-85.jpg,0.2501301821,0.2049041529,0.2950728731,0.3269357677,0.5238209131,0.9541020539,0.0079068244,0.0080479162,0.6553535007,0.7689875845,0.5222816321,0.0074405256,0.2270989149,0.9599627798,0.4149223902,0.6951432551,0.1883587126,0.016132986,0.8976174053,0.0079778835,0.0965433797,0.5196167709,0.4308556992,0.2679653935,0.052310804,0.5749590478,0.6545371167,0.2350210902,0.3896293135,0.7255571958
Img-86.jpg,0.3304568618,0.8475143715,0.9844902184,0.3372303676,0.9589142872,0.8410296368,0.6006686514,0.4741460957,0.7612637094,0.5390816499,0.8349203937,0.2413134585,0.3120915909,0.2978650384,0.9498326142,0.2155807957,0.9450361591,0.5650608135,0.8385025205,0.9216302315,0.4191361846,0.0666232511,0.0230177271,0.7500936818,0.3902636426,0.3061113571,0.0876644156,0.2218710725,0.3553926112,0.3053697319
Img-87.jpg,0.8907250828,0.230778554,0.5403359875,0.4209432165,0.8555465256,0.6431427869,0.3020126171,0.3108297333,0.4916232185,0.0129258649,0.1974242882,0.60369964,0.6322089187,0.6075047345,0.7492771159,0.8954107406,0.7443996058,0.9168727162,0.6092103368,0.543695907,0.3403555526,0.7319337826,0.7920408608,0.653814445,0.6713467527,0.60117227,0.9901866108,0.9301137552,0.0599196805,0.4105368659
Img-88.jpg,0.3317542966,0.0885059374,0.0758865533,0.4266490406,0.0697449946,0.6039747971,0.9207237754,0.7109475862,0.9248759594,0.1401506502,0.4000979973,0.0297394997,0.036258969,0.2532957314,0.4368191258,0.1165823711,0.4719828319,0.6352593725,0.5079250054,0.0415361574,0.879467068,0.7977133495,0.1147662507,0.3768649065,0.3158188472,0.1093469314,0.5087624612,0.4657719309,0.8463745828,0.840810537
Img-89.jpg,0.9780794368,0.8436349972,0.0265124923,0.2613711233,0.7212058292,0.2480563849,0.8671746305,0.6197657432,0.541712612,0.6756013299,0.1177859355,0.4890623907,0.375905499,0.2703948936,0.7926299759,0.1571763137,0.8837452587,0.6205161518,0.7519524237,0.2257782511,0.3434203327,0.7763620581,0.0037432167,0.8324136961,0.4451212293,0.0591222416,0.8576798176,0.7427077314,0.7518412407,0.2370835513
Img-90.jpg,0.4735383225,0.0635959516,0.7429986077,0.9431596066,0.3075998901,0.5399363871,0.5621972623,0.0153500612,0.0327671007,0.836001217,0.5813473412,0.878337861,0.6490335462,0.5073856465,0.289365748,0.5901975521,0.7582327048,0.6792126541,0.2672331728,0.3828225682,0.312687471,0.8607000634,0.152294463,0.7386286252,0.8223483437,0.6372627124,0.6019749588,0.0399048624,0.2863814579,0.3483578843
Img-91.jpg,0.7643338367,0.5625998242,0.3966376584,0.7425260125,0.5704090801,0.2919591047,0.2522979839,0.768491606,0.8845777259,0.1228880712,0.7429042128,0.8563383521,0.2711160837,0.86933948,0.8729672148,0.5574780941,0.3431831232,0.2586463328,0.438726171,0.4534916481,0.6648963636,0.7505934076,0.2290740518,0.4046252029,0.2684500711,0.565531742,0.2526324849,0.0773585157,0.93632987,0.1405599417
Img-92.jpg,0.5850709875,0.5866459401,0.2254324149,0.0401429351,0.8411814798,0.3966372148,0.0859080102,0.2189203817,0.1007637055,0.5353381477,0.5332729239,0.3948432161,0.1583051021,0.1872486556,0.5202511653,0.9638869078,0.0835543803,0.8463059607,0.4046978924,0.8028415702,0.8003508052,0.3842850215,0.1705914748,0.2590143882,0.3683503663,0.4501792682,0.7843771276,0.1962058519,0.5335383537,0.8543559895
Img-93.jpg,0.1580858932,0.9381120889,0.3742712802,0.9299718284,0.5532393946,0.6737291047,0.4920594576,0.1375111011,0.2096611634,0.0687216567,0.2308169225,0.8975603615,0.6646955823,0.4116760753,0.3829171043,0.5977587762,0.437478427,0.4342156441,0.5410750152,0.9292328665,0.2907081406,0.4424379299,0.8252683696,0.8975345934,0.0386971502,0.2154912523,0.7462587385,0.4614299067,0.9029506025,0.4523679892
Img-94.jpg,0.1134270775,0.8937924375,0.5445655155,0.8226405367,0.7904101024,0.1378672522,0.7390815897,0.6187172915,0.4873697781,0.5993343641,0.3373063368,0.7110238694,0.0514617677,0.2572443308,0.9741274855,0.04747905,0.7224769934,0.1149891983,0.8050399405,0.4228630605,0.2525844044,0.5754534078,0.7676366181,0.0724705885,0.6615474723,0.9097221798,0.0486823438,0.1636636071,0.2081477658,0.6290268317
Img-95.jpg,0.9039843191,0.1171403821,0.0787474445,0.5135501672,0.3585198739,0.2871573574,0.6116870418,0.6669792813,0.8306537149,0.0868196312,0.2780148638,0.868167178,0.9579990951,0.4110579278,0.5404233266,0.7899100008,0.4732790264,0.6804702714,0.5905818057,0.5152033336,0.2901965508,0.9138383718,0.7036987529,0.3345910188,0.8975865655,0.189420066,0.8414261449,0.5772202909,0.6376022266,0.3092747023
Img-96.jpg,0.4615714469,0.6522404759,0.4999816662,0.1420685705,0.4014189013,0.2253471141,0.8283236433,0.3030331505,0.533525174,0.6437858573,0.7209637445,0.9130406846,0.9608359614,0.705483904,0.1761596329,0.4752922878,0.6115412023,0.371089713,0.1342819336,0.7808363502,0.3050190737,0.9112357194,0.9955738929,0.7213446337,0.9133819324,0.5631006255,0.7470280291,0.4430049361,0.6540034482,0.4105142269
Img-97.jpg,0.5466810715,0.0092663357,0.2517394065,0.6028896908,0.9291551351,0.5008133246,0.5508834269,0.404130836,0.0288567937,0.7131364023,0.7191189475,0.7145009846,0.2129007059,0.817202442,0.1237988416,0.1725163083,0.9837081485,0.8303868862,0.9037223281,0.3340765395,0.6018424424,0.9225229197,0.4818993132,0.7883857344,0.1472275712,0.161611682,0.8977778676,0.3528975485,0.8259596382,0.3705407805
Img-98.jpg,0.3032566852,0.9065032696,0.5245301433,0.0448566962,0.2971882269,0.673107141,0.6009423443,0.9461878907,0.80008442,0.528257045,0.8255009358,0.2430804161,0.4379751898,0.0489812154,0.4494286515,0.7096784534,0.2628067064,0.3104213571,0.2226362277,0.8861165997,0.5853462286,0.1519248474,0.4890283916,0.2242595384,0.3186084317,0.1162544281,0.2578312431,0.8643809939,0.5563295195,0.1819532468
Img-99.jpg,0.8229658298,0.617524278,0.1011384827,0.3115233601,0.7952872736,0.015341044,0.9186599386,0.7970793616,0.646665678,0.7431854719,0.330760748,0.0059270618,0.8459087071,0.9975994141,0.5466981511,0.2675813457,0.3033160156,0.4473532908,0.8528667694,0.3602573373,0.5966068051,0.9366653977,0.3224723748,0.2488125092,0.924716347,0.0176969211,0.0336766978,0.9591430138,0.1544519392,0.4588789607
Img-100.jpg,0.1251377277,0.6087948396,0.2478615434,0.857323793,0.3108511599,0.5323879229,0.2582256826,0.5951708107,0.355353608,0.5176931586,0.1126645773,0.1105024176,0.9654792895,0.3637574792,0.3745443007,0.6127759647,0.9387790253,0.833729808,0.1446143122,0.1073056021,0.7190706744,0.6093900565,0.7725093537,0.0617665283,0.9101861903,0.49298305,0.9794159593,0.2909266272,0.4443955398,0.1506120072
